pkey,created_on,last_updated_on,version,alt_name,country,gender,url_img,name,short_name,src_id,url_thumb,type
1,"2021-02-14 23:31:20",NULL,0,"Chennai Super Kings",in,male,https://cricket.entitysport.com/assets/uploads/2018/04/Chennai-32x32.png,"Chennai Super Kings",CSK,610,https://cricket.entitysport.com/assets/uploads/2018/04/Chennai-120x80.png,club
2,"2021-02-14 23:31:20",NULL,0,"Royal Challengers Bangalore",in,male,https://cricket.entitysport.com/assets/uploads/2016/04/RCB-32x32.png,"Royal Challengers Bangalore",RCB,646,https://cricket.entitysport.com/assets/uploads/2016/04/RCB.png,club
3,"2021-02-14 23:31:38",NULL,0,"Kolkata Knight Riders",in,male,https://cricket.entitysport.com/assets/uploads/2016/04/KKR-1-32x32.png,"Kolkata Knight Riders",KKR,591,https://cricket.entitysport.com/assets/uploads/2016/04/KKR-1-120x80.png,club
4,"2021-02-14 23:31:39",NULL,0,"Sunrisers Hyderabad",in,male,https://cricket.entitysport.com/assets/uploads/2016/04/SRH-1-32x32.png,"Sunrisers Hyderabad",SRH,658,https://cricket.entitysport.com/assets/uploads/2016/04/SRH-1.png,club
5,"2021-02-14 23:31:55",NULL,0,"Mumbai Indians",in,male,https://cricket.entitysport.com/assets/uploads/2016/04/MI-32x32.png,"Mumbai Indians",MI,593,https://cricket.entitysport.com/assets/uploads/2016/04/MI.png,club
6,"2021-02-14 23:31:55",NULL,0,"Delhi Capitals",in,male,https://cricket.entitysport.com/assets/uploads/2019/03/DC-LOGO-1-32x32.png,"Delhi Capitals",DC,612,https://cricket.entitysport.com/assets/uploads/2019/03/DC-LOGO-1.png,club
7,"2021-02-14 23:32:13",NULL,0,"Rajasthan Royals",in,male,https://cricket.entitysport.com/assets/uploads/2018/04/Rajasthan-32x32.png,"Rajasthan Royals",RR,629,https://cricket.entitysport.com/assets/uploads/2018/04/Rajasthan-120x80.png,club
8,"2021-02-14 23:32:13",NULL,0,"Kings XI Punjab",in,male,https://cricket.entitysport.com/assets/uploads/2016/04/KXI-1-32x32.png,"Kings XI Punjab",KXIP,627,https://cricket.entitysport.com/assets/uploads/2016/04/KXI-1-120x80.png,club
9,"2021-02-14 23:40:24",NULL,0,Afghanistan,af,male,https://cricket.entitysport.com/assets/uploads/2020/12/Afghanistan.png,Afghanistan,AFG,498,https://cricket.entitysport.com/assets/uploads/2020/12/Afghanistan.png,country
10,"2021-02-14 23:40:24",NULL,0,Bangladesh,bd,male,https://cricket.entitysport.com/assets/uploads/2020/12/Bangladesh.png,Bangladesh,BAN,23,https://cricket.entitysport.com/assets/uploads/2020/12/Bangladesh.png,country
11,"2021-02-14 23:40:35",NULL,0,Ireland,ie,male,https://cricket.entitysport.com/assets/uploads/2020/12/Ireland.png,Ireland,IRE,11,https://cricket.entitysport.com/assets/uploads/2020/12/Ireland.png,country
12,"2021-02-14 23:40:45",NULL,0,Zimbabwe,zw,male,https://cricket.entitysport.com/assets/uploads/2020/12/Zimbabwe.png,Zimbabwe,ZIM,493,https://cricket.entitysport.com/assets/uploads/2020/12/Zimbabwe.png,country
13,"2021-02-14 23:41:22",NULL,0,"West Indies",wi,male,https://cricket.entitysport.com/assets/uploads/2020/03/west-indies-over-50s-32x32.png,"West Indies",WI,17,https://cricket.entitysport.com/assets/uploads/2020/03/west-indies-over-50s-120x120.png,country
14,"2021-02-14 23:41:34",NULL,0,England,en,male,https://cricket.entitysport.com/assets/uploads/2020/12/England.png,England,ENG,490,https://cricket.entitysport.com/assets/uploads/2020/12/England.png,club
15,"2021-02-14 23:41:35",NULL,0,Australia,au,male,https://cricket.entitysport.com/assets/uploads/2020/12/Australia.png,Australia,AUS,5,https://cricket.entitysport.com/assets/uploads/2020/12/Australia.png,country
16,"2021-02-14 23:41:53",NULL,0,India,in,male,https://cricket.entitysport.com/assets/uploads/2020/12/India.png,India,IND,25,https://cricket.entitysport.com/assets/uploads/2020/12/India.png,country
17,"2021-02-14 23:42:10",NULL,0,"New Zealand",nz,male,https://cricket.entitysport.com/assets/uploads/2020/12/New_Zealand.png,"New Zealand",NZ,7,https://cricket.entitysport.com/assets/uploads/2020/12/New_Zealand.png,country
18,"2021-02-14 23:42:13",NULL,0,"South Africa",za,male,https://cricket.entitysport.com/assets/uploads/2020/12/South_Africa.png,"South Africa",SA,19,https://cricket.entitysport.com/assets/uploads/2020/12/South_Africa.png,country
19,"2021-02-14 23:42:35",NULL,0,Pakistan,pk,male,https://cricket.entitysport.com/assets/uploads/2020/12/Pakistan.png,Pakistan,PAK,13,https://cricket.entitysport.com/assets/uploads/2020/12/Pakistan.png,country
20,"2021-02-14 23:43:26",NULL,0,"Prime Minister's XI",au,male,https://cricket.entitysport.com/assets/uploads/2017/02/prime-ministers-xi-32x32.png,"Prime Minister's XI",PM-XI,90718,https://cricket.entitysport.com/assets/uploads/2017/02/prime-ministers-xi.png,club
21,"2021-02-14 23:43:42",NULL,0,"New Zealand XI",nz,male,https://cricket.entitysport.com/assets/uploads/2020/12/New_Zealand.png,"New Zealand XI",NZ-XI,27444,https://cricket.entitysport.com/assets/uploads/2020/12/New_Zealand.png,club
22,"2021-02-14 23:44:05",NULL,0,"Team Buttler",en,male,https://cricket.entitysport.com/assets/uploads/2020/07/team-32x32.png,"Team Buttler",TB,117064,https://cricket.entitysport.com/assets/uploads/2020/07/team-120x120.png,club
23,"2021-02-14 23:44:05",NULL,0,"Team Morgan",en,male,https://cricket.entitysport.com/assets/uploads/2020/07/team-32x32.png,"Team Morgan",TM,117065,https://cricket.entitysport.com/assets/uploads/2020/07/team-120x120.png,club
24,"2021-02-14 23:44:16",NULL,0,"Sri Lanka",lk,male,https://cricket.entitysport.com/assets/uploads/2020/12/Sri_Lanka.png,"Sri Lanka",SL,21,https://cricket.entitysport.com/assets/uploads/2020/12/Sri_Lanka.png,country
25,"2021-02-14 23:44:33",NULL,0,Oman,om,male,https://cricket.entitysport.com/assets/uploads/2020/12/Oman.png,Oman,OMAN,1546,https://cricket.entitysport.com/assets/uploads/2020/12/Oman.png,country
26,"2021-02-14 23:44:33",NULL,0,"Papua New Guinea",pg,male,https://cricket.entitysport.com/assets/uploads/2020/12/Papua_New_Guinea.png,"Papua New Guinea",PNG,9119,https://cricket.entitysport.com/assets/uploads/2020/12/Papua_New_Guinea.png,country
27,"2021-02-14 23:44:34",NULL,0,Namibia,na,male,https://cricket.entitysport.com/assets/uploads/2020/12/Namibia.png,Namibia,NAM,10798,https://cricket.entitysport.com/assets/uploads/2020/12/Namibia.png,country
28,"2021-02-14 23:44:35",NULL,0,Netherlands,nl,male,https://cricket.entitysport.com/assets/uploads/2020/12/Netherlands.png,Netherlands,NL,1824,https://cricket.entitysport.com/assets/uploads/2020/12/Netherlands.png,country
29,"2021-02-14 23:44:35",NULL,0,Scotland,sct,male,https://cricket.entitysport.com/assets/uploads/2020/12/Scotland.png,Scotland,SCOT,9,https://cricket.entitysport.com/assets/uploads/2020/12/Scotland.png,country
30,"2021-02-14 23:44:42",NULL,0,TBA,NULL,male,NULL,TBA,TBA,111066,,NULL
31,"2021-02-14 23:45:01",NULL,0,World-XI,int,male,https://cricket.entitysport.com/assets/uploads/2017/09/icc-11-1-32x32.png,World-XI,World,19986,https://cricket.entitysport.com/assets/uploads/2017/09/icc-11-1.png,club
32,"2021-02-14 23:58:57",NULL,0,"Cricket Australia XI",au,male,https://cricket.entitysport.com/assets/uploads/2017/10/Cricket-Australia-XI-32x32.png,"Cricket Australia XI",CAXI,12519,https://cricket.entitysport.com/assets/uploads/2017/10/Cricket-Australia-XI-120x120.png,club
33,"2021-02-14 23:59:10",NULL,0,Leicestershire,en,male,https://cricket.entitysport.com/assets/uploads/2016/03/leicestershire-32x32.jpg,Leicestershire,Leics,104947,https://cricket.entitysport.com/assets/uploads/2016/03/leicestershire-120x80.jpg,club
34,"2021-02-15 00:03:16",NULL,0,"Sydney Thunder",au,male,https://cricket.entitysport.com/assets/uploads/2016/12/Sydney-Thunder-32x32.png,"Sydney Thunder",ST,14202,https://cricket.entitysport.com/assets/uploads/2016/12/Sydney-Thunder.png,club
35,"2021-02-15 00:03:16",NULL,0,"Sydney Sixers",au,male,https://cricket.entitysport.com/assets/uploads/2016/12/Sydney-Sixers-32x32.png,"Sydney Sixers",SS,14203,https://cricket.entitysport.com/assets/uploads/2016/12/Sydney-Sixers.png,club
36,"2021-02-15 00:03:23",NULL,0,"Brisbane Heat",au,male,https://cricket.entitysport.com/assets/uploads/2016/12/Brisbane-Heat-32x32.png,"Brisbane Heat",BH,14208,https://cricket.entitysport.com/assets/uploads/2016/12/Brisbane-Heat.png,club
37,"2021-02-15 00:03:23",NULL,0,"Melbourne Stars",au,male,https://cricket.entitysport.com/assets/uploads/2016/12/Melbourne-Stars-32x32.png,"Melbourne Stars",MS,14206,https://cricket.entitysport.com/assets/uploads/2016/12/Melbourne-Stars.png,club
38,"2021-02-15 00:03:32",NULL,0,"Hobart Hurricanes",au,male,https://cricket.entitysport.com/assets/uploads/2016/12/Hobart-Hurricanes-32x32.png,"Hobart Hurricanes",HH,14212,https://cricket.entitysport.com/assets/uploads/2016/12/Hobart-Hurricanes.png,club
39,"2021-02-15 00:03:32",NULL,0,"Melbourne Renegades",au,male,https://cricket.entitysport.com/assets/uploads/2016/12/Melbourne-Renegades-32x32.png,"Melbourne Renegades",MR,14209,https://cricket.entitysport.com/assets/uploads/2016/12/Melbourne-Renegades.png,club
40,"2021-02-15 00:03:41",NULL,0,"Adelaide Strikers",au,male,https://cricket.entitysport.com/assets/uploads/2020/12/Adelaide-Strikers.png,"Adelaide Strikers",AS,14205,https://cricket.entitysport.com/assets/uploads/2020/12/Adelaide-Strikers.png,club
41,"2021-02-15 00:03:46",NULL,0,"Perth Scorchers",au,male,https://cricket.entitysport.com/assets/uploads/2016/12/Perth-Scorchers-32x32.png,"Perth Scorchers",PS,14214,https://cricket.entitysport.com/assets/uploads/2016/12/Perth-Scorchers.png,club
42,"2021-02-15 00:11:39",NULL,0,"Trinbago Knight Riders",wi,male,https://cricket.entitysport.com/assets/uploads/2017/08/Trinbago-Knight-Riders-32x32.png,"Trinbago Knight Riders",TKR,18250,https://cricket.entitysport.com/assets/uploads/2017/08/Trinbago-Knight-Riders-120x120.png,club
43,"2021-02-15 00:11:39",NULL,0,"St Lucia Zouks",wi,male,https://cricket.entitysport.com/assets/uploads/2016/03/st-lucia-zouks-32x32.jpg,"St Lucia Zouks",ZOUKS,18248,https://cricket.entitysport.com/assets/uploads/2016/03/st-lucia-zouks-120x80.jpg,club
44,"2021-02-15 00:11:45",NULL,0,"Guyana Amazon Warriors",wi,male,https://cricket.entitysport.com/assets/uploads/2016/03/guyana-amazon-warriors-32x32.jpg,"Guyana Amazon Warriors",GAW,18245,https://cricket.entitysport.com/assets/uploads/2016/03/guyana-amazon-warriors-120x80.jpg,club
45,"2021-02-15 00:11:46",NULL,0,"St Kitts and Nevis Patriots",wi,male,https://cricket.entitysport.com/assets/uploads/2017/07/patriots_icon-32x32.png,"St Kitts and Nevis Patriots",STKNP,18256,https://cricket.entitysport.com/assets/uploads/2017/07/patriots_icon-120x120.png,club
46,"2021-02-15 00:11:50",NULL,0,"Jamaica Tallawahs",wi,male,https://cricket.entitysport.com/assets/uploads/2016/03/jamaica-tallawahs-32x32.jpg,"Jamaica Tallawahs",JT,18253,https://cricket.entitysport.com/assets/uploads/2016/03/jamaica-tallawahs-120x80.jpg,club
47,"2021-02-15 00:11:59",NULL,0,"Barbados Tridents",bb,male,https://cricket.entitysport.com/assets/uploads/2016/03/barbados-tridents-32x32.jpg,"Barbados Tridents",BT,18243,https://cricket.entitysport.com/assets/uploads/2016/03/barbados-tridents-120x80.jpg,club
48,"2021-02-15 00:15:39",NULL,0,"Cape Town Blitz",za,male,https://cricket.entitysport.com/assets/uploads/2018/10/CapeTownBlitz-32x32.png,"Cape Town Blitz",CTB,111907,https://cricket.entitysport.com/assets/uploads/2018/10/CapeTownBlitz-120x120.png,club
49,"2021-02-15 00:15:39",NULL,0,"Tshwane Spartans",za,male,https://cricket.entitysport.com/assets/uploads/2018/10/TshwaneSpartans-32x32.png,"Tshwane Spartans",TS,111908,https://cricket.entitysport.com/assets/uploads/2018/10/TshwaneSpartans-120x120.png,club
50,"2021-02-15 00:15:44",NULL,0,"Jozi Stars",za,male,https://cricket.entitysport.com/assets/uploads/2018/10/JoziStars-32x32.png,"Jozi Stars",JS,111909,https://cricket.entitysport.com/assets/uploads/2018/10/JoziStars-120x120.png,club
51,"2021-02-15 00:15:44",NULL,0,"Nelson Mandela Bay Giants",za,male,https://cricket.entitysport.com/assets/uploads/2018/10/NMBGiants-32x32.png,"Nelson Mandela Bay Giants",NMBG,111910,https://cricket.entitysport.com/assets/uploads/2018/10/NMBGiants-120x120.png,club
52,"2021-02-15 00:15:51",NULL,0,"Durban Heat",za,male,https://cricket.entitysport.com/assets/uploads/2018/10/DurbanHeat-32x32.png,"Durban Heat",DH,111911,https://cricket.entitysport.com/assets/uploads/2018/10/DurbanHeat-120x120.png,club
53,"2021-02-15 00:15:55",NULL,0,"Paarl Rocks",za,male,https://cricket.entitysport.com/assets/uploads/2018/10/PaarlRocks-32x32.png,"Paarl Rocks",PR,111912,https://cricket.entitysport.com/assets/uploads/2018/10/PaarlRocks-120x120.png,club
54,"2021-02-15 00:17:56",NULL,0,"Islamabad United",pk,male,https://cricket.entitysport.com/assets/uploads/2017/02/psl-islamabad-united-32x32.png,"Islamabad United",IU,14464,https://cricket.entitysport.com/assets/uploads/2017/02/psl-islamabad-united.png,club
55,"2021-02-15 00:17:57",NULL,0,"Lahore Qalandars",pk,male,https://cricket.entitysport.com/assets/uploads/2017/02/psl-lahore-qalandars-32x32.png,"Lahore Qalandars",LQ,14470,https://cricket.entitysport.com/assets/uploads/2017/02/psl-lahore-qalandars.png,club
56,"2021-02-15 00:18:02",NULL,0,"Karachi Kings",pk,male,https://cricket.entitysport.com/assets/uploads/2017/02/psl-karachi-kings-32x32.png,"Karachi Kings",KK,14469,https://cricket.entitysport.com/assets/uploads/2017/02/psl-karachi-kings.png,club
57,"2021-02-15 00:18:03",NULL,0,"Multan Sultans",pk,male,https://cricket.entitysport.com/assets/uploads/2017/12/Multan-Sultan-32x32.png,"Multan Sultans",MS,108678,https://cricket.entitysport.com/assets/uploads/2017/12/Multan-Sultan-120x120.png,club
58,"2021-02-15 00:18:10",NULL,0,"Peshawar Zalmi",pk,male,https://cricket.entitysport.com/assets/uploads/2017/02/psl-peshawar-zalmi-32x32.png,"Peshawar Zalmi",PZ,14467,https://cricket.entitysport.com/assets/uploads/2017/02/psl-peshawar-zalmi.png,club
59,"2021-02-15 00:18:11",NULL,0,"Quetta Gladiators",pk,male,https://cricket.entitysport.com/assets/uploads/2017/02/psl-quetta-gladiators-32x32.png,"Quetta Gladiators",QG,14465,https://cricket.entitysport.com/assets/uploads/2017/02/psl-quetta-gladiators.png,club
60,"2021-02-15 00:21:45",NULL,0,Middlesex,en,male,https://cricket.entitysport.com/assets/uploads/2016/03/middlesex-32x32.jpg,Middlesex,Middx,7044,https://cricket.entitysport.com/assets/uploads/2016/03/middlesex-120x80.jpg,club
61,"2021-02-15 00:21:45",NULL,0,Essex,en,male,https://cricket.entitysport.com/assets/uploads/2016/03/essex-32x32.jpg,Essex,Essex,104950,https://cricket.entitysport.com/assets/uploads/2016/03/essex-120x80.jpg,club
62,"2021-02-15 00:21:49",NULL,0,Glamorgan,en,male,https://cricket.entitysport.com/assets/uploads/2016/03/glamorgan-32x32.jpg,Glamorgan,Glam,7020,https://cricket.entitysport.com/assets/uploads/2016/03/glamorgan-120x80.jpg,country
63,"2021-02-15 00:21:49",NULL,0,Somerset,en,male,https://cricket.entitysport.com/assets/uploads/2016/03/somerset-32x32.jpg,Somerset,Somst,7010,https://cricket.entitysport.com/assets/uploads/2016/03/somerset-120x80.jpg,club
64,"2021-02-15 00:21:54",NULL,0,Nottinghamshire,en,male,https://cricket.entitysport.com/assets/uploads/2016/03/nottinghamshire-32x32.jpg,Nottinghamshire,Notts,6035,https://cricket.entitysport.com/assets/uploads/2016/03/nottinghamshire-120x80.jpg,club
65,"2021-02-15 00:21:55",NULL,0,Worcestershire,en,male,https://cricket.entitysport.com/assets/uploads/2016/03/worcestershire-32x32.jpg,Worcestershire,Worcs,7000,https://cricket.entitysport.com/assets/uploads/2016/03/worcestershire-120x80.jpg,club
66,"2021-02-15 00:21:58",NULL,0,Gloucestershire,en,male,https://cricket.entitysport.com/assets/uploads/2016/03/gloucestershire-32x32.jpg,Gloucestershire,Glouc,7017,https://cricket.entitysport.com/assets/uploads/2016/03/gloucestershire-120x80.jpg,club
67,"2021-02-15 00:22:04",NULL,0,WAS,en,male,https://cricket.entitysport.com/assets/uploads/2016/03/warwickshire-32x32.jpg,Warwickshire,WAS,7002,https://cricket.entitysport.com/assets/uploads/2016/03/warwickshire-120x80.jpg,club
68,"2021-02-15 00:22:05",NULL,0,Yorkshire,en,male,https://cricket.entitysport.com/assets/uploads/2016/03/yorkshire-32x32.jpg,Yorkshire,Yorks,7050,https://cricket.entitysport.com/assets/uploads/2016/03/yorkshire-120x80.jpg,club
69,"2021-02-15 00:22:06",NULL,0,Lancashire,en,male,https://cricket.entitysport.com/assets/uploads/2016/03/lancashire-32x32.jpg,Lancashire,Lancs,7023,https://cricket.entitysport.com/assets/uploads/2016/03/lancashire-120x80.jpg,club
70,"2021-02-15 00:22:10",NULL,0,Durham,en,male,https://cricket.entitysport.com/assets/uploads/2017/09/durham-32x32.png,Durham,Durhm,7548,https://cricket.entitysport.com/assets/uploads/2017/09/durham-120x120.png,club
71,"2021-02-15 00:22:10",NULL,0,Northamptonshire,en,male,https://cricket.entitysport.com/assets/uploads/2016/03/northamptonshire-32x32.jpg,Northamptonshire,Nthnt,7038,https://cricket.entitysport.com/assets/uploads/2016/03/northamptonshire-120x80.jpg,club
72,"2021-02-15 00:22:18",NULL,0,Hampshire,en,male,https://cricket.entitysport.com/assets/uploads/2016/03/hampshire-32x32.jpg,Hampshire,Hants,7047,https://cricket.entitysport.com/assets/uploads/2016/03/hampshire-120x80.jpg,club
73,"2021-02-15 00:22:18",NULL,0,Sussex,en,male,https://cricket.entitysport.com/assets/uploads/2016/03/sussex-32x32.jpg,Sussex,Sssx,5721,https://cricket.entitysport.com/assets/uploads/2016/03/sussex-120x80.jpg,club
74,"2021-02-15 00:22:21",NULL,0,Surrey,en,male,https://cricket.entitysport.com/assets/uploads/2016/03/surrey-32x32.jpg,Surrey,Surr,6995,https://cricket.entitysport.com/assets/uploads/2016/03/surrey-120x80.jpg,club
75,"2021-02-15 00:22:24",NULL,0,Derbyshire,en,male,https://cricket.entitysport.com/assets/uploads/2016/03/derbyshire-32x32.jpg,Derbyshire,Derby,104949,https://cricket.entitysport.com/assets/uploads/2016/03/derbyshire-120x80.jpg,club
76,"2021-02-15 00:22:30",NULL,0,Kent,en,male,https://cricket.entitysport.com/assets/uploads/2016/03/kent-32x32.jpg,Kent,Kent,104948,https://cricket.entitysport.com/assets/uploads/2016/03/kent-120x80.jpg,club
77,"2021-02-15 00:34:32",NULL,0,"Kabul Zwanan",af,male,https://cricket.entitysport.com/assets/uploads/2018/09/kabul-roualz-32x32.png,"Kabul Zwanan",KZ,111752,https://cricket.entitysport.com/assets/uploads/2018/09/kabul-roualz-120x120.png,club
78,"2021-02-15 00:34:33",NULL,0,"Paktia Panthers",af,male,https://cricket.entitysport.com/assets/uploads/2018/09/paktia-panthers-32x32.png,"Paktia Panthers",PP,111753,https://cricket.entitysport.com/assets/uploads/2018/09/paktia-panthers-120x120.png,club
79,"2021-02-15 00:34:38",NULL,0,"Kandahar Knights",af,male,https://cricket.entitysport.com/assets/uploads/2018/09/kalandar-Kings-32x32.png,"Kandahar Knights",KK,111754,https://cricket.entitysport.com/assets/uploads/2018/09/kalandar-Kings-120x120.png,club
80,"2021-02-15 00:34:38",NULL,0,"Nangarhar Leopards",af,male,https://cricket.entitysport.com/assets/uploads/2018/09/nangarhar-leopards-32x32.png,"Nangarhar Leopards",NL,111755,https://cricket.entitysport.com/assets/uploads/2018/09/nangarhar-leopards-120x120.png,club
81,"2021-02-15 00:34:43",NULL,0,"Balkh Legends",af,male,https://cricket.entitysport.com/assets/uploads/2018/09/Balkha-32x32.png,"Balkh Legends",BL,111756,https://cricket.entitysport.com/assets/uploads/2018/09/Balkha-120x120.png,club
82,"2021-02-15 00:35:18",NULL,0,"Sylhet Thunder",bd,male,https://cricket.entitysport.com/assets/uploads/2017/10/Sylhet-Sixers-32x32.png,"Sylhet Thunder",ST,107369,https://cricket.entitysport.com/assets/uploads/2017/10/Sylhet-Sixers-120x120.png,club
83,"2021-02-15 00:35:18",NULL,0,"Dhaka Platoon",bd,male,https://cricket.entitysport.com/assets/uploads/2017/11/Dhaka_Dynamites_Logo-32x32.png,"Dhaka Platoon",DP,14093,https://cricket.entitysport.com/assets/uploads/2017/11/Dhaka_Dynamites_Logo-84x120.png,club
84,"2021-02-15 00:35:25",NULL,0,"Rajshahi Royals",bd,male,https://cricket.entitysport.com/assets/uploads/2017/11/Rajshahi_Kings-32x32.png,"Rajshahi Royals",RR_BPL,65163,https://cricket.entitysport.com/assets/uploads/2017/11/Rajshahi_Kings-120x120.png,club
85,"2021-02-15 00:35:25",NULL,0,"Rangpur Rangers",bd,male,https://cricket.entitysport.com/assets/uploads/2016/11/Rangpur-Riders-32x32.png,"Rangpur Rangers",RPR,14090,https://cricket.entitysport.com/assets/uploads/2016/11/Rangpur-Riders-120x120.png,club
86,"2021-02-15 00:35:32",NULL,0,"Comilla Victorians",,,https://cricket.entitysport.com/assets/uploads/2016/11/Comilla_Victorians_Logo-32x32.png,"Comilla Victorians",CV,114137,https://cricket.entitysport.com/assets/uploads/2016/11/Comilla_Victorians_Logo-120x120.png,
87,"2021-02-15 00:35:37",NULL,0,"Khulna Tigers",bd,male,https://cricket.entitysport.com/assets/uploads/2016/11/khulna-128x77-32x32.png,"Khulna Tigers",KT,90438,https://cricket.entitysport.com/assets/uploads/2016/11/khulna-128x77-120x77.png,club
88,"2021-02-15 00:35:43",NULL,0,"Chattogram Challengers",bd,male,https://cricket.entitysport.com/assets/uploads/2016/11/Chittagong-Vikings-32x32.png,"Chattogram Challengers",CC,14091,https://cricket.entitysport.com/assets/uploads/2016/11/Chittagong-Vikings-120x119.png,club
89,"2021-02-15 00:37:20",NULL,0,"Cumilla Warriors",bd,male,https://cricket.entitysport.com/assets/uploads/2016/11/Comilla_Victorians_Logo-32x32.png,"Cumilla Warriors",CW,14094,https://cricket.entitysport.com/assets/uploads/2016/11/Comilla_Victorians_Logo-120x120.png,club
90,"2021-02-15 00:40:27",NULL,0,Titans,za,male,https://cricket.entitysport.com/assets/uploads/2017/03/MultiplyTitans-32x32.png,Titans,TITNS,12335,https://cricket.entitysport.com/assets/uploads/2017/03/MultiplyTitans-120x84.png,club
91,"2021-02-15 00:40:28",NULL,0,Warriors,za,male,https://cricket.entitysport.com/assets/uploads/2016/03/warriors-32x32.jpg,Warriors,WAR,90443,https://cricket.entitysport.com/assets/uploads/2016/03/warriors-120x114.jpg,club
92,"2021-02-15 00:40:35",NULL,0,Dolphins,za,male,https://cricket.entitysport.com/assets/uploads/2017/03/Dolphins-32x32.png,Dolphins,DOLPH,12342,https://cricket.entitysport.com/assets/uploads/2017/03/Dolphins-120x81.png,club
93,"2021-02-15 00:40:35",NULL,0,Knights,za,male,https://cricket.entitysport.com/assets/uploads/2016/03/knights-32x32.jpg,Knights,KNGHT,12332,https://cricket.entitysport.com/assets/uploads/2016/03/knights-120x120.jpg,club
94,"2021-02-15 00:40:43",NULL,0,Lions,za,male,https://cricket.entitysport.com/assets/uploads/2016/03/lions-32x32.jpg,Lions,LIONS,12340,https://cricket.entitysport.com/assets/uploads/2016/03/lions-120x120.jpg,club
95,"2021-02-15 00:40:43",NULL,0,"Cape Cobras",za,male,https://cricket.entitysport.com/assets/uploads/2016/03/cape-cobras-32x32.jpg,"Cape Cobras",COBRA,12330,https://cricket.entitysport.com/assets/uploads/2016/03/cape-cobras.jpg,club
96,"2021-02-15 00:41:42",NULL,0,"Toronto Nationals",ca,male,https://cricket.entitysport.com/assets/uploads/2018/06/Toronto-32x32.jpeg,"Toronto Nationals",TN,111354,https://cricket.entitysport.com/assets/uploads/2018/06/Toronto-120x120.jpeg,club
97,"2021-02-15 00:41:42",NULL,0,"Vancouver Knights",ca,male,https://cricket.entitysport.com/assets/uploads/2018/06/vancouver-32x32.jpeg,"Vancouver Knights",VK,111355,https://cricket.entitysport.com/assets/uploads/2018/06/vancouver-120x120.jpeg,club
98,"2021-02-15 00:41:48",NULL,0,"Montreal Tigers",ca,male,https://cricket.entitysport.com/assets/uploads/2018/06/Montereal-32x32.jpeg,"Montreal Tigers",MT,111357,https://cricket.entitysport.com/assets/uploads/2018/06/Montereal-120x120.jpeg,club
99,"2021-02-15 00:41:48",NULL,0,"Winnipeg Hawks",ca,male,https://cricket.entitysport.com/assets/uploads/2018/06/winnipeg-32x32.jpeg,"Winnipeg Hawks",WH,111358,https://cricket.entitysport.com/assets/uploads/2018/06/winnipeg-120x120.jpeg,club
100,"2021-02-15 00:41:53",NULL,0,"Edmonton Royals",ca,male,https://cricket.entitysport.com/assets/uploads/2018/06/edmonton-32x32.jpeg,"Edmonton Royals",ER,111356,https://cricket.entitysport.com/assets/uploads/2018/06/edmonton-120x120.jpeg,club
101,"2021-02-15 00:41:58",NULL,0,"West Indies B",wi,male,https://cricket.entitysport.com/assets/uploads/2016/04/west-indies-xi-32x32.png,"West Indies B",WI-B,111376,https://cricket.entitysport.com/assets/uploads/2016/04/west-indies-xi-120x80.png,club
102,"2021-02-15 00:42:48",NULL,0,"Brampton Wolves",ca,male,https://cricket.entitysport.com/assets/uploads/2019/07/Brampton-Wolve-32x32.png,"Brampton Wolves",BW,113380,https://cricket.entitysport.com/assets/uploads/2019/07/Brampton-Wolve-120x120.png,club
103,"2021-02-15 00:43:20",NULL,0,"Colombo Kings",lk,male,https://cricket.entitysport.com/assets/uploads/2020/11/Colombo-Kings-32x32.png,"Colombo Kings",CK,117008,https://cricket.entitysport.com/assets/uploads/2020/11/Colombo-Kings-120x120.png,club
104,"2021-02-15 00:43:20",NULL,0,"Kandy Tuskers",lk,male,https://cricket.entitysport.com/assets/uploads/2020/11/Kandy-Tuskers-32x32.png,"Kandy Tuskers",KT,117009,https://cricket.entitysport.com/assets/uploads/2020/11/Kandy-Tuskers-120x120.png,club
105,"2021-02-15 00:43:28",NULL,0,"Galle Gladiators",lk,male,https://cricket.entitysport.com/assets/uploads/2020/11/galle-gladiators-32x32.png,"Galle Gladiators",GG,117010,https://cricket.entitysport.com/assets/uploads/2020/11/galle-gladiators-120x120.png,club
106,"2021-02-15 00:43:29",NULL,0,"Jaffna Stallions",lk,male,https://cricket.entitysport.com/assets/uploads/2020/11/Jaffna-Stallions-32x32.png,"Jaffna Stallions",JS,117011,https://cricket.entitysport.com/assets/uploads/2020/11/Jaffna-Stallions-120x120.png,club
107,"2021-02-15 00:43:36",NULL,0,"Dambulla Viiking",lk,male,https://cricket.entitysport.com/assets/uploads/2020/12/Dambulla_Viiking-32x32.png,"Dambulla Viiking",DV,117012,https://cricket.entitysport.com/assets/uploads/2020/12/Dambulla_Viiking-120x120.png,club
108,"2021-02-15 00:44:26",NULL,0,Balochistan,pk,male,https://cricket.entitysport.com/assets/uploads/2019/10/ba-32x32.jpg,Balochistan,BLU,29521,https://cricket.entitysport.com/assets/uploads/2019/10/ba-120x120.jpg,club
109,"2021-02-15 00:44:27",NULL,0,"Khyber Pakhtunkhwa",pk,male,https://cricket.entitysport.com/assets/uploads/2019/10/kp-32x32.jpg,"Khyber Pakhtunkhwa",KPK,29524,https://cricket.entitysport.com/assets/uploads/2019/10/kp-120x120.jpg,club
110,"2021-02-15 00:44:34",NULL,0,"Central Punjab (Pakistan)",pk,male,https://cricket.entitysport.com/assets/uploads/2019/10/cp-32x32.jpg,"Central Punjab (Pakistan)",CPNJB,113752,https://cricket.entitysport.com/assets/uploads/2019/10/cp-120x120.jpg,club
111,"2021-02-15 00:44:34",NULL,0,Sindh,pk,male,https://cricket.entitysport.com/assets/uploads/2019/10/sc-32x32.jpg,Sindh,SINDH,29522,https://cricket.entitysport.com/assets/uploads/2019/10/sc-120x120.jpg,club
112,"2021-02-15 00:44:39",NULL,0,"Northern (Pakistan)",pk,male,https://cricket.entitysport.com/assets/uploads/2019/10/north-32x32.jpg,"Northern (Pakistan)",NORTH,113753,https://cricket.entitysport.com/assets/uploads/2019/10/north-120x120.jpg,club
113,"2021-02-15 00:44:39",NULL,0,"Southern Punjab (Pakistan)",pk,male,https://cricket.entitysport.com/assets/uploads/2019/10/sp-32x32.jpg,"Southern Punjab (Pakistan)",SPNJB,113754,https://cricket.entitysport.com/assets/uploads/2019/10/sp-120x120.jpg,club
114,"2021-02-15 00:47:11",NULL,0,Baroda,in,male,https://cricket.entitysport.com/assets/uploads/2018/01/bca-32x32.png,Baroda,BRODA,12994,https://cricket.entitysport.com/assets/uploads/2018/01/bca-120x120.png,club
115,"2021-02-15 00:47:12",NULL,0,Mumbai,in,male,https://cricket.entitysport.com/assets/uploads/2019/02/Mumbai-32x32.png,Mumbai,MUM,8516,https://cricket.entitysport.com/assets/uploads/2019/02/Mumbai.png,club
116,"2021-02-15 00:47:19",NULL,0,Gujarat,in,male,https://cricket.entitysport.com/assets/uploads/2020/02/gca-32x32.png,Gujarat,GUJ,13029,https://cricket.entitysport.com/assets/uploads/2020/02/gca-120x120.png,club
117,"2021-02-15 00:47:19",NULL,0,Maharashtra,in,male,https://cricket.entitysport.com/assets/uploads/2018/01/maharashtra-32x32.png,Maharashtra,MAHA,13012,https://cricket.entitysport.com/assets/uploads/2018/01/maharashtra-120x120.png,club
118,"2021-02-15 00:47:28",NULL,0,"Madhya Pradesh",in,male,https://cricket.entitysport.com/assets/uploads/2018/01/madhya-pradesh-32x32.png,"Madhya Pradesh",MP,13014,https://cricket.entitysport.com/assets/uploads/2018/01/madhya-pradesh-120x120.png,club
119,"2021-02-15 00:47:29",NULL,0,Rajasthan,in,male,https://cricket.entitysport.com/assets/uploads/2018/01/rajasthan-32x32.png,Rajasthan,RAJ,12972,https://cricket.entitysport.com/assets/uploads/2018/01/rajasthan-120x120.png,club
120,"2021-02-15 00:47:37",NULL,0,Haryana,in,male,https://cricket.entitysport.com/assets/uploads/2018/01/haryana-32x32.png,Haryana,HRYNA,12982,https://cricket.entitysport.com/assets/uploads/2018/01/haryana-120x120.png,club
121,"2021-02-15 00:47:38",NULL,0,"Himachal Pradesh",in,male,https://cricket.entitysport.com/assets/uploads/2018/01/himachal-pradesh-32x32.png,"Himachal Pradesh",HP,12997,https://cricket.entitysport.com/assets/uploads/2018/01/himachal-pradesh-120x120.png,club
122,"2021-02-15 00:47:44",NULL,0,Saurashtra,in,male,https://cricket.entitysport.com/assets/uploads/2018/01/saurashtra-32x32.png,Saurashtra,SAU,13015,https://cricket.entitysport.com/assets/uploads/2018/01/saurashtra-120x120.png,club
123,"2021-02-15 00:47:50",NULL,0,Goa,in,male,https://cricket.entitysport.com/assets/uploads/2018/01/goa-32x32.png,Goa,GOA,12991,https://cricket.entitysport.com/assets/uploads/2018/01/goa-120x120.png,club
124,"2021-02-15 00:47:50",NULL,0,Karnataka,in,male,https://cricket.entitysport.com/assets/uploads/2018/01/karnataka-32x32.png,Karnataka,KNTKA,12978,https://cricket.entitysport.com/assets/uploads/2018/01/karnataka-120x120.png,club
125,"2021-02-15 00:47:57",NULL,0,Assam,in,male,https://cricket.entitysport.com/assets/uploads/2017/10/assam-32x32.png,Assam,ASSAM,12987,https://cricket.entitysport.com/assets/uploads/2017/10/assam-120x120.png,club
126,"2021-02-15 00:47:58",NULL,0,Tripura,in,male,https://cricket.entitysport.com/assets/uploads/2018/08/tripura-32x32.png,Tripura,TPURA,12976,https://cricket.entitysport.com/assets/uploads/2018/08/tripura-120x120.png,club
127,"2021-02-15 00:48:10",NULL,0,Chhattisgarh,in,male,https://cricket.entitysport.com/assets/uploads/2019/02/Chhattisgarh-32x32.png,Chhattisgarh,CGARH,90075,https://cricket.entitysport.com/assets/uploads/2019/02/Chhattisgarh.png,club
128,"2021-02-15 00:48:10",NULL,0,Vidarbha,in,male,https://cricket.entitysport.com/assets/uploads/2017/12/VCA_logo-32x32.png,Vidarbha,VIDAR,12969,https://cricket.entitysport.com/assets/uploads/2017/12/VCA_logo-120x120.png,club
129,"2021-02-15 00:48:19",NULL,0,"Jammu & Kashmir",in,male,https://cricket.entitysport.com/assets/uploads/2019/02/Jammu-Kashmir-32x32.png,"Jammu & Kashmir","J + K",12984,https://cricket.entitysport.com/assets/uploads/2019/02/Jammu-Kashmir.png,club
130,"2021-02-15 00:48:19",NULL,0,Services,in,male,https://cricket.entitysport.com/assets/uploads/2019/02/Services-32x32.png,Services,SVCS,12973,https://cricket.entitysport.com/assets/uploads/2019/02/Services.png,club
131,"2021-02-15 00:48:29",NULL,0,Kerala,in,male,https://cricket.entitysport.com/assets/uploads/2019/02/Kerala-32x32.png,Kerala,KER,12981,https://cricket.entitysport.com/assets/uploads/2019/02/Kerala.png,club
132,"2021-02-15 00:48:29",NULL,0,"Hyderabad (India)",in,male,https://cricket.entitysport.com/assets/uploads/2018/01/hyderabad-india-32x32.png,"Hyderabad (India)",HYD,13000,https://cricket.entitysport.com/assets/uploads/2018/01/hyderabad-india-120x120.png,club
133,"2021-02-15 00:48:38",NULL,0,Bengal,in,male,https://cricket.entitysport.com/assets/uploads/2018/10/bengal-32x32.png,Bengal,BENG,12990,https://cricket.entitysport.com/assets/uploads/2018/10/bengal-120x120.png,club
134,"2021-02-15 00:48:38",NULL,0,Odisha,in,male,https://cricket.entitysport.com/assets/uploads/2019/02/Odisha-32x32.png,Odisha,ODISA,12968,https://cricket.entitysport.com/assets/uploads/2019/02/Odisha.png,club
135,"2021-02-15 00:48:46",NULL,0,Andhra,in,male,https://cricket.entitysport.com/assets/uploads/2017/10/andhra-32x32.png,Andhra,AP,12975,https://cricket.entitysport.com/assets/uploads/2017/10/andhra-120x120.png,club
136,"2021-02-15 00:48:47",NULL,0,"Tamil Nadu",in,male,https://cricket.entitysport.com/assets/uploads/2018/01/tamil-nadu-32x32.png,"Tamil Nadu",TN,12988,https://cricket.entitysport.com/assets/uploads/2018/01/tamil-nadu-120x120.png,club
137,"2021-02-15 00:48:55",NULL,0,"Uttar Pradesh",in,male,https://cricket.entitysport.com/assets/uploads/2018/01/uttar-pradesh-32x32.png,"Uttar Pradesh",UP,12998,https://cricket.entitysport.com/assets/uploads/2018/01/uttar-pradesh-120x120.png,club
138,"2021-02-15 00:48:59",NULL,0,Delhi,in,male,https://cricket.entitysport.com/assets/uploads/2017/10/delhi-32x32.png,Delhi,DELHI,12995,https://cricket.entitysport.com/assets/uploads/2017/10/delhi.png,club
139,"2021-02-15 00:48:59",NULL,0,Punjab,in,male,https://cricket.entitysport.com/assets/uploads/2019/02/Punjab-32x32.png,Punjab,PNJB,12965,https://cricket.entitysport.com/assets/uploads/2019/02/Punjab.png,club
140,"2021-02-15 00:49:06",NULL,0,Railways,in,male,https://cricket.entitysport.com/assets/uploads/2019/02/Railways-32x32.png,Railways,RLYS,12979,https://cricket.entitysport.com/assets/uploads/2019/02/Railways.png,club
141,"2021-02-15 00:49:16",NULL,0,Jharkhand,in,male,https://cricket.entitysport.com/assets/uploads/2019/02/Jharkhand-32x32.png,Jharkhand,JKAND,105780,https://cricket.entitysport.com/assets/uploads/2019/02/Jharkhand.png,club
142,"2021-02-15 00:51:07",NULL,0,Nagaland,in,male,https://cricket.entitysport.com/assets/uploads/2019/02/Nagaland-32x32.png,Nagaland,NAGA,111561,https://cricket.entitysport.com/assets/uploads/2019/02/Nagaland.png,club
143,"2021-02-15 00:51:24",NULL,0,Puducherry,in,male,https://cricket.entitysport.com/assets/uploads/2019/02/Puducherry-32x32.png,Puducherry,PONDI,111569,https://cricket.entitysport.com/assets/uploads/2019/02/Puducherry.png,club
144,"2021-02-15 00:51:43",NULL,0,Meghalaya,in,male,https://cricket.entitysport.com/assets/uploads/2019/02/Meghalaya-32x32.png,Meghalaya,MEGHA,111567,https://cricket.entitysport.com/assets/uploads/2019/02/Meghalaya.png,club
145,"2021-02-15 00:51:51",NULL,0,Mizoram,in,male,https://cricket.entitysport.com/assets/uploads/2019/02/Mizoram-32x32.png,Mizoram,MIZOR,111562,https://cricket.entitysport.com/assets/uploads/2019/02/Mizoram.png,club
146,"2021-02-15 00:51:57",NULL,0,"Arunachal Pradesh",in,male,https://cricket.entitysport.com/assets/uploads/2019/02/Arunachal-Pradesh-32x32.png,"Arunachal Pradesh",ARPR,111568,https://cricket.entitysport.com/assets/uploads/2019/02/Arunachal-Pradesh.png,club
147,"2021-02-15 00:52:08",NULL,0,Sikkim,in,male,https://cricket.entitysport.com/assets/uploads/2019/02/Sikkim-32x32.png,Sikkim,SIKM,111566,https://cricket.entitysport.com/assets/uploads/2019/02/Sikkim.png,club
148,"2021-02-15 00:52:18",NULL,0,Manipur,in,male,https://cricket.entitysport.com/assets/uploads/2019/02/Manipur-32x32.png,Manipur,MNPR,111565,https://cricket.entitysport.com/assets/uploads/2019/02/Manipur.png,club
149,"2021-02-15 00:52:25",NULL,0,Uttarakhand,in,male,https://cricket.entitysport.com/assets/uploads/2019/02/uca-32x32.png,Uttarakhand,UKHND,111564,https://cricket.entitysport.com/assets/uploads/2019/02/uca-120x120.png,club
150,"2021-02-15 00:52:56",NULL,0,Bihar,in,male,https://cricket.entitysport.com/assets/uploads/2018/01/jharkhand-32x32.png,Bihar,BIHAR,12985,https://cricket.entitysport.com/assets/uploads/2018/01/jharkhand-120x120.png,club
151,"2021-02-15 00:57:30",NULL,0,Chandigarh,in,male,https://cricket.entitysport.com/assets/uploads/2020/03/chandigarh-32x32.png,Chandigarh,CHGRH,113656,https://cricket.entitysport.com/assets/uploads/2020/03/chandigarh-120x120.png,club
152,"2021-02-15 01:06:09",NULL,0,Auckland,nz,male,https://cricket.entitysport.com/assets/uploads/2020/11/auckland-32x32.png,Auckland,AA,13231,https://cricket.entitysport.com/assets/uploads/2020/11/auckland.png,club
153,"2021-02-15 01:06:10",NULL,0,"Central Districts",nz,male,https://cricket.entitysport.com/assets/uploads/2017/12/stags-32x32.png,"Central Districts",CS,13222,https://cricket.entitysport.com/assets/uploads/2017/12/stags.png,club
154,"2021-02-15 01:06:16",NULL,0,Canterbury,nz,male,https://cricket.entitysport.com/assets/uploads/2017/12/kings-32x32.png,Canterbury,CANT,13223,https://cricket.entitysport.com/assets/uploads/2017/12/kings.png,club
155,"2021-02-15 01:06:16",NULL,0,Otago,nz,male,https://cricket.entitysport.com/assets/uploads/2017/12/volts-32x32.png,Otago,OV,13229,https://cricket.entitysport.com/assets/uploads/2017/12/volts.png,club
156,"2021-02-15 01:06:22",NULL,0,"Northern Districts",nz,male,https://cricket.entitysport.com/assets/uploads/2017/12/knights-32x32.png,"Northern Districts",NK,13226,https://cricket.entitysport.com/assets/uploads/2017/12/knights.png,club
157,"2021-02-15 01:06:22",NULL,0,Wellington,nz,male,https://cricket.entitysport.com/assets/uploads/2017/12/firebirds-32x32.png,Wellington,WF,13225,https://cricket.entitysport.com/assets/uploads/2017/12/firebirds.png,club
158,"2021-02-15 01:10:43",NULL,0,"Marylebone Cricket Club",en,male,https://cricket.entitysport.com/assets/uploads/2020/02/MCC-32x32.png,"Marylebone Cricket Club",MCC,2512,https://cricket.entitysport.com/assets/uploads/2020/02/MCC.png,club
159,"2021-02-15 01:10:48",NULL,0,Nepal,np,male,https://cricket.entitysport.com/assets/uploads/2020/12/Nepal.png,Nepal,NEPAL,10814,https://cricket.entitysport.com/assets/uploads/2020/12/Nepal.png,country
160,"2021-02-15 01:10:56",NULL,0,"Pakistan A",pk,male,https://cricket.entitysport.com/assets/uploads/2020/12/Pakistan.png,"Pakistan A",PAK-A,10046,https://cricket.entitysport.com/assets/uploads/2020/12/Pakistan.png,club
161,"2021-02-15 01:10:56",NULL,0,"New Zealand A",nz,male,https://cricket.entitysport.com/assets/uploads/2020/12/New_Zealand.png,"New Zealand A",NZ-A,11394,https://cricket.entitysport.com/assets/uploads/2020/12/New_Zealand.png,club
162,"2021-02-15 01:11:03",NULL,0,"Sri Lanka Under-23s",lk,male,https://cricket.entitysport.com/assets/uploads/2017/03/sri-lanka-board-presidents-xi-32x32.png,"Sri Lanka Under-23s",SL23,113953,https://cricket.entitysport.com/assets/uploads/2017/03/sri-lanka-board-presidents-xi-120x80.png,club
163,"2021-02-15 01:11:09",NULL,0,"Bangladesh Under-23s",bd,male,https://cricket.entitysport.com/assets/uploads/2020/12/Bangladesh.png,"Bangladesh Under-23s",BD23,113658,https://cricket.entitysport.com/assets/uploads/2020/12/Bangladesh.png,club
164,"2021-02-15 01:11:09",NULL,0,Maldives,mv,male,https://cricket.entitysport.com/assets/uploads/2020/12/Maldives.png,Maldives,Mald,26807,https://cricket.entitysport.com/assets/uploads/2020/12/Maldives.png,country
165,"2021-02-15 01:11:18",NULL,0,Bhutan,bt,male,https://cricket.entitysport.com/assets/uploads/2020/12/Bhutan.png,Bhutan,BHU,30525,https://cricket.entitysport.com/assets/uploads/2020/12/Bhutan.png,country
166,"2021-02-15 01:11:43",NULL,0,"Western Province",za,male,,"Western Province",WPR,12696,,club
167,"2021-02-15 01:11:48",NULL,0,Easterns,za,male,,Easterns,EASTN,12702,,club
168,"2021-02-15 01:11:48",NULL,0,"South Western Districts",za,male,,"South Western Districts",SWD,12712,,club
169,"2021-02-15 01:12:04",NULL,0,"Eastern Province",za,male,,"Eastern Province",EPR,12703,,club
170,"2021-02-15 01:12:04",NULL,0,Gauteng,za,male,,Gauteng,GTG,12708,,club
171,"2021-02-15 01:12:09",NULL,0,"North West",za,male,,"North West",NWEST,12705,,club
172,"2021-02-15 01:12:09",NULL,0,Northerns,za,male,,Northerns,NTHNS,12724,,club
173,"2021-02-15 01:12:21",NULL,0,"Free State",za,male,,"Free State",FS,12715,,club
174,"2021-02-15 01:12:21",NULL,0,Kenya,ke,male,https://cricket.entitysport.com/assets/uploads/2020/12/Kenya.png,Kenya,KENYA,9160,https://cricket.entitysport.com/assets/uploads/2020/12/Kenya.png,country
175,"2021-02-15 01:12:27",NULL,0,"Northern Cape",za,male,,"Northern Cape",NCAPE,12695,,club
176,"2021-02-15 01:12:28",NULL,0,KwaZulu-Natal,za,male,,KwaZulu-Natal,KZN,12711,,club
177,"2021-02-15 01:12:44",NULL,0,"KwaZulu-Natal Inland",za,male,,"KwaZulu-Natal Inland",KZNIN,12716,,club
178,"2021-02-15 01:12:45",NULL,0,Border,za,male,,Border,BOR,12706,,club
179,"2021-02-15 01:12:45",NULL,0,Boland,za,male,,Boland,BOL,12699,,club
180,"2021-02-15 01:13:02",NULL,0,KXI,in,male,https://cricket.entitysport.com/assets/uploads/2020/07/team-32x32.png,"KINGS XI",KIN-XI,116889,https://cricket.entitysport.com/assets/uploads/2020/07/team-120x120.png,club
181,"2021-02-15 01:13:02",NULL,0,TN-XI,in,male,https://cricket.entitysport.com/assets/uploads/2020/07/team-32x32.png,"TITANS XI",TN-XI,116890,https://cricket.entitysport.com/assets/uploads/2020/07/team-120x120.png,club
182,"2021-02-15 01:13:13",NULL,0,CHA-XI,in,male,https://cricket.entitysport.com/assets/uploads/2020/07/team-32x32.png,"CHARGERS XI",CHA-XI,116892,https://cricket.entitysport.com/assets/uploads/2020/07/team-120x120.png,club
183,"2021-02-15 01:13:13",NULL,0,LEG-XI,in,male,https://cricket.entitysport.com/assets/uploads/2020/07/team-32x32.png,"LEGENDS XI",LEG-XI,116891,https://cricket.entitysport.com/assets/uploads/2020/07/team-120x120.png,club
184,"2021-02-15 01:13:24",NULL,0,CPN-XI,in,male,https://cricket.entitysport.com/assets/uploads/2020/07/team-32x32.png,"CHAMPIONS XI",CPN-XI,116894,https://cricket.entitysport.com/assets/uploads/2020/07/team-120x120.png,club
185,"2021-02-15 01:13:24",NULL,0,WAR-XI,in,male,https://cricket.entitysport.com/assets/uploads/2020/07/team-32x32.png,"WARRIORS XI",WAR-XI,116893,https://cricket.entitysport.com/assets/uploads/2020/07/team-120x120.png,club
186,"2021-02-15 01:14:32",NULL,0,"Beximco Dhaka",bd,male,https://cricket.entitysport.com/assets/uploads/2020/11/abbbbb-32x32.png,"Beximco Dhaka",BDH,117031,https://cricket.entitysport.com/assets/uploads/2020/11/abbbbb-120x120.png,club
187,"2021-02-15 01:14:33",NULL,0,"Minister Rajshahi",bd,male,https://cricket.entitysport.com/assets/uploads/2020/12/minister.png,"Minister Rajshahi",MRA,117032,https://cricket.entitysport.com/assets/uploads/2020/12/minister.png,club
188,"2021-02-15 01:14:36",NULL,0,"Fortune Barishal",bd,male,https://cricket.entitysport.com/assets/uploads/2020/11/zzzzzzz-32x32.png,"Fortune Barishal",FBA,117033,https://cricket.entitysport.com/assets/uploads/2020/11/zzzzzzz-120x120.png,club
189,"2021-02-15 01:14:36",NULL,0,"Gemcon Khulna",bd,male,https://cricket.entitysport.com/assets/uploads/2020/11/tttttttt-32x32.png,"Gemcon Khulna",GKH,117034,https://cricket.entitysport.com/assets/uploads/2020/11/tttttttt-120x120.png,club
190,"2021-02-15 01:14:41",NULL,0,"Gazi Group Chattogram",bd,male,https://cricket.entitysport.com/assets/uploads/2020/11/ppppppp-32x32.png,"Gazi Group Chattogram",GGC,117035,https://cricket.entitysport.com/assets/uploads/2020/11/ppppppp-120x120.png,club
191,"2021-02-15 01:15:21",NULL,0,MBC,in,male,https://cricket.entitysport.com/assets/uploads/2020/11/eeeeee-32x32.png,"Mohun Bagan A.C",MBC,117051,https://cricket.entitysport.com/assets/uploads/2020/11/eeeeee-120x120.png,club
192,"2021-02-15 01:15:22",NULL,0,CAL,in,male,https://cricket.entitysport.com/assets/uploads/2020/11/ddddddd-32x32.png,"Calcutta Customs Club",CAL,117053,https://cricket.entitysport.com/assets/uploads/2020/11/ddddddd-120x120.png,club
193,"2021-02-15 01:15:30",NULL,0,TOC,in,male,https://cricket.entitysport.com/assets/uploads/2020/11/ffffff-32x32.png,"Town Club",TOC,117054,https://cricket.entitysport.com/assets/uploads/2020/11/ffffff-120x120.png,club
194,"2021-02-15 01:15:30",NULL,0,KAC,in,male,https://cricket.entitysport.com/assets/uploads/2020/11/ccccccc-32x32.png,"Kalighat Club",KAC,117055,https://cricket.entitysport.com/assets/uploads/2020/11/ccccccc-120x120.png,club
195,"2021-02-15 01:15:41",NULL,0,TMC,in,male,https://cricket.entitysport.com/assets/uploads/2020/11/aaaaaaa-32x32.png,"Tapan Memorial Club",TMC,117056,https://cricket.entitysport.com/assets/uploads/2020/11/aaaaaaa-120x120.png,club
196,"2021-02-15 01:15:42",NULL,0,EBC,in,male,https://cricket.entitysport.com/assets/uploads/2020/11/bbbbbbb-32x32.png,"East Bengal Club",EBC,117057,https://cricket.entitysport.com/assets/uploads/2020/11/bbbbbbb-120x120.png,club
197,"2021-02-15 01:16:53",NULL,0,"Legends of Rupganj",bd,male,https://cricket.entitysport.com/assets/uploads/2016/06/BCB-LR-32x32.png,"Legends of Rupganj",Rupga,23708,https://cricket.entitysport.com/assets/uploads/2016/06/BCB-LR.png,club
198,"2021-02-15 01:16:54",NULL,0,"Shinepukur Cricket Club",bd,male,https://cricket.entitysport.com/assets/uploads/2019/02/Shinepukur-128x128-32x32.png,"Shinepukur Cricket Club",SCC,111103,https://cricket.entitysport.com/assets/uploads/2019/02/Shinepukur-128x128-120x120.png,club
199,"2021-02-15 01:16:58",NULL,0,"Khelaghar Samaj Kallyan Samity",bd,male,https://cricket.entitysport.com/assets/uploads/2019/03/KSKS-32x32.png,"Khelaghar Samaj Kallyan Samity",KSKS,35078,https://cricket.entitysport.com/assets/uploads/2019/03/KSKS-120x120.png,club
200,"2021-02-15 01:16:58",NULL,0,"Sheikh Jamal Dhanmondi Club",bd,male,https://cricket.entitysport.com/assets/uploads/2016/06/BCB-SJ-32x32.png,"Sheikh Jamal Dhanmondi Club",SJDC,23703,https://cricket.entitysport.com/assets/uploads/2016/06/BCB-SJ.png,club
201,"2021-02-15 01:17:06",NULL,0,"Bangladesh Krira Shikkha Protisthan",bd,male,https://cricket.entitysport.com/assets/uploads/2019/03/BKSP-32x32.png,"Bangladesh Krira Shikkha Protisthan",BKSP,112555,https://cricket.entitysport.com/assets/uploads/2019/03/BKSP-120x120.png,club
202,"2021-02-15 01:17:07",NULL,0,"Prime Doleshwar Sporting Club",bd,male,https://cricket.entitysport.com/assets/uploads/2016/06/BCB-PDSC-32x32.png,"Prime Doleshwar Sporting Club",PDSC,23697,https://cricket.entitysport.com/assets/uploads/2016/06/BCB-PDSC.png,club
203,"2021-02-15 01:17:11",NULL,0,"Abahani Limited",bd,male,https://cricket.entitysport.com/assets/uploads/2016/06/BCB-ABH-32x32.png,"Abahani Limited",Abaha,23723,https://cricket.entitysport.com/assets/uploads/2016/06/BCB-ABH.png,club
204,"2021-02-15 01:17:11",NULL,0,"Brothers Union",bd,male,https://cricket.entitysport.com/assets/uploads/2016/06/BCB-BU-32x32.png,"Brothers Union",BroUn,23718,https://cricket.entitysport.com/assets/uploads/2016/06/BCB-BU.png,club
205,"2021-02-15 01:17:16",NULL,0,"Gazi Group Cricketers",bd,male,https://cricket.entitysport.com/assets/uploads/2016/06/BCB-GGC-32x32.png,"Gazi Group Cricketers",GaziG,86848,https://cricket.entitysport.com/assets/uploads/2016/06/BCB-GGC.png,club
206,"2021-02-15 01:17:20",NULL,0,"Mohammedan Sporting Club",bd,male,https://cricket.entitysport.com/assets/uploads/2016/06/BCB-MOM-32x32.png,"Mohammedan Sporting Club",MSC,23724,https://cricket.entitysport.com/assets/uploads/2016/06/BCB-MOM.png,club
207,"2021-02-15 01:17:22",NULL,0,"Uttara Sporting Club",bd,male,https://cricket.entitysport.com/assets/uploads/2019/03/Uttara-32x32.png,"Uttara Sporting Club",Uttar,112556,https://cricket.entitysport.com/assets/uploads/2019/03/Uttara-120x120.png,club
208,"2021-02-15 01:17:28",NULL,0,"Prime Bank Cricket Club",bd,male,https://cricket.entitysport.com/assets/uploads/2016/06/BCB-PBCC-32x32.png,"Prime Bank Cricket Club",PBCC,23714,https://cricket.entitysport.com/assets/uploads/2016/06/BCB-PBCC.png,club
209,"2021-02-15 01:17:45",NULL,0,RAN,in,male,https://cricket.entitysport.com/assets/uploads/2020/07/team-32x32.png,"Ranchi Raiders",RAN,116732,https://cricket.entitysport.com/assets/uploads/2020/07/team-120x120.png,club
210,"2021-02-15 01:17:45",NULL,0,SIN,in,male,https://cricket.entitysport.com/assets/uploads/2020/07/team-32x32.png,"Singhbum Strickers",SIN,116733,https://cricket.entitysport.com/assets/uploads/2020/07/team-120x120.png,club
211,"2021-02-15 01:17:56",NULL,0,JAM,in,male,https://cricket.entitysport.com/assets/uploads/2020/07/team-32x32.png,"Jamshedpur Jugglers",JAM,116734,https://cricket.entitysport.com/assets/uploads/2020/07/team-120x120.png,club
212,"2021-02-15 01:17:56",NULL,0,DUM,in,male,https://cricket.entitysport.com/assets/uploads/2020/07/team-32x32.png,"Dumka Daredevils",DUM,116735,https://cricket.entitysport.com/assets/uploads/2020/07/team-120x120.png,club
213,"2021-02-15 01:18:14",NULL,0,DHA,in,male,https://cricket.entitysport.com/assets/uploads/2020/07/team-32x32.png,"Dhanbad Dynamos",DHA,116736,https://cricket.entitysport.com/assets/uploads/2020/07/team-120x120.png,club
214,"2021-02-15 01:18:14",NULL,0,BOK,in,male,https://cricket.entitysport.com/assets/uploads/2020/07/team-32x32.png,"Bokaro Blasters",BOK,116737,https://cricket.entitysport.com/assets/uploads/2020/07/team-120x120.png,club
215,"2021-02-15 01:19:16",NULL,0,"Bengaluru Blasters",in,male,https://cricket.entitysport.com/assets/uploads/2018/08/bengaluru-blasters-32x32.png,"Bengaluru Blasters",BB,104908,,club
216,"2021-02-15 01:19:16",NULL,0,"Belagavi Panthers",in,male,https://cricket.entitysport.com/assets/uploads/2018/08/belagavi-panthers-32x32.png,"Belagavi Panthers",BGAVI,26727,https://cricket.entitysport.com/assets/uploads/2018/08/belagavi-panthers.png,club
217,"2021-02-15 01:19:25",NULL,0,"Hubli Tigers",in,male,https://cricket.entitysport.com/assets/uploads/2018/08/hubli-tigers-32x32.png,"Hubli Tigers",HUBLI,26724,https://cricket.entitysport.com/assets/uploads/2018/08/hubli-tigers.png,club
218,"2021-02-15 01:19:25",NULL,0,"Bijapur Bulls",in,male,https://cricket.entitysport.com/assets/uploads/2018/08/bijapur-bulls-32x32.png,"Bijapur Bulls",BIJA,26730,,club
219,"2021-02-15 01:19:35",NULL,0,"Bellary Tuskers",in,male,https://cricket.entitysport.com/assets/uploads/2018/08/ballari-tuskers-32x32.png,"Bellary Tuskers",BLARY,26729,,club
220,"2021-02-15 01:19:43",NULL,0,"Shivamogga Lions",in,male,https://cricket.entitysport.com/assets/uploads/2018/08/namma-shivamogga-32x32.png,"Shivamogga Lions",SHIVA,90177,https://cricket.entitysport.com/assets/uploads/2018/08/namma-shivamogga.png,club
221,"2021-02-15 01:19:49",NULL,0,"Mysuru Warriors",in,male,https://cricket.entitysport.com/assets/uploads/2018/08/mysuru-warriors-32x32.png,"Mysuru Warriors",MYSW,26725,https://cricket.entitysport.com/assets/uploads/2018/08/mysuru-warriors.png,club
222,"2021-02-15 01:21:24",NULL,0,"Odisha Panthers",in,male,https://cricket.entitysport.com/assets/uploads/2020/12/OPA-CR1@2x.png,"Odisha Panthers",ODPA,117224,https://cricket.entitysport.com/assets/uploads/2020/12/OPA-CR1@2x.png,club
223,"2021-02-15 01:21:24",NULL,0,"Odisha Pumas",in,male,https://cricket.entitysport.com/assets/uploads/2020/12/OPU-CR1@2x.png,"Odisha Pumas",ODPU,117226,https://cricket.entitysport.com/assets/uploads/2020/12/OPU-CR1@2x.png,club
224,"2021-02-15 01:21:35",NULL,0,"Odisha Tigers",in,male,https://cricket.entitysport.com/assets/uploads/2020/12/aaaaaa.png,"Odisha Tigers",ODT,117215,https://cricket.entitysport.com/assets/uploads/2020/12/aaaaaa.png,club
225,"2021-02-15 01:21:35",NULL,0,"Odisha Cheetahs",in,male,https://cricket.entitysport.com/assets/uploads/2020/12/cccc.png,"Odisha Cheetahs",ODC,117219,https://cricket.entitysport.com/assets/uploads/2020/12/cccc.png,club
226,"2021-02-15 01:21:46",NULL,0,"Odisha Jaguars",in,male,https://cricket.entitysport.com/assets/uploads/2020/12/ODJ-CR1@2x.png,"Odisha Jaguars",ODJ,117221,https://cricket.entitysport.com/assets/uploads/2020/12/ODJ-CR1@2x.png,club
227,"2021-02-15 01:21:52",NULL,0,"Odisha Lions",in,male,https://cricket.entitysport.com/assets/uploads/2020/12/bbbbb.png,"Odisha Lions",ODL,117217,https://cricket.entitysport.com/assets/uploads/2020/12/bbbbb.png,club
228,"2021-02-15 01:22:56",NULL,0,PAN,in,male,https://cricket.entitysport.com/assets/uploads/2020/07/team-32x32.png,"Panthers XI",PAN,116988,https://cricket.entitysport.com/assets/uploads/2020/07/team-120x120.png,club
229,"2021-02-15 01:22:56",NULL,0,SXI,in,male,https://cricket.entitysport.com/assets/uploads/2020/07/team-32x32.png,"Sharks XI",SXI,116989,https://cricket.entitysport.com/assets/uploads/2020/07/team-120x120.png,club
230,"2021-02-15 01:23:10",NULL,0,"Bulls XI",in,male,https://cricket.entitysport.com/assets/uploads/2020/07/team-32x32.png,"Bulls XI",BXI,116990,https://cricket.entitysport.com/assets/uploads/2020/07/team-120x120.png,club
231,"2021-02-15 01:23:11",NULL,0,TIGXI,in,male,https://cricket.entitysport.com/assets/uploads/2020/07/team-32x32.png,"Tigers XI",TIGXI,116991,https://cricket.entitysport.com/assets/uploads/2020/07/team-120x120.png,club
232,"2021-02-15 01:23:23",NULL,0,TUS,in,male,https://cricket.entitysport.com/assets/uploads/2020/07/team-32x32.png,"Tuskers XI",TUS,116992,https://cricket.entitysport.com/assets/uploads/2020/07/team-120x120.png,club
233,"2021-02-15 01:23:24",NULL,0,LXI,in,male,https://cricket.entitysport.com/assets/uploads/2020/07/team-32x32.png,"Lions XI",LXI,116993,https://cricket.entitysport.com/assets/uploads/2020/07/team-120x120.png,club
234,"2021-02-15 01:24:18",NULL,0,"Band-e-Amir Dragons",af,male,https://cricket.entitysport.com/assets/uploads/2019/10/band-32x32.jpg,"Band-e-Amir Dragons",BEAD,15707,https://cricket.entitysport.com/assets/uploads/2019/10/band-120x110.jpg,club
235,"2021-02-15 01:24:18",NULL,0,"Kabul Eagles",af,male,https://cricket.entitysport.com/assets/uploads/2019/10/index-32x32.jpg,"Kabul Eagles",KABUL,15715,https://cricket.entitysport.com/assets/uploads/2019/10/index-120x120.jpg,club
236,"2021-02-15 01:24:21",NULL,0,"Boost Defenders",af,male,https://cricket.entitysport.com/assets/uploads/2019/10/boost-32x32.jpg,"Boost Defenders",BDD,15714,https://cricket.entitysport.com/assets/uploads/2019/10/boost-120x120.jpg,club
237,"2021-02-15 01:24:21",NULL,0,"Mis Ainak Knights",af,male,https://cricket.entitysport.com/assets/uploads/2019/10/Mis_Ainak_Knights-32x32.jpg,"Mis Ainak Knights",MAK,15708,https://cricket.entitysport.com/assets/uploads/2019/10/Mis_Ainak_Knights-120x120.jpg,club
238,"2021-02-15 01:24:29",NULL,0,"Amo Sharks",af,male,https://cricket.entitysport.com/assets/uploads/2019/10/amo-32x32.jpg,"Amo Sharks",AMSKS,15710,https://cricket.entitysport.com/assets/uploads/2019/10/amo-120x120.jpg,club
239,"2021-02-15 01:24:29",NULL,0,"Speen Ghar Tigers",af,male,https://cricket.entitysport.com/assets/uploads/2019/10/images-32x32.jpg,"Speen Ghar Tigers",SGT,15711,https://cricket.entitysport.com/assets/uploads/2019/10/images-120x120.jpg,club
240,"2021-02-15 01:26:16",NULL,0,"Dindigul Dragons",in,male,https://cricket.entitysport.com/assets/uploads/2018/07/dindigul-dragons-32x32.png,"Dindigul Dragons",DD,89960,https://cricket.entitysport.com/assets/uploads/2018/07/dindigul-dragons-120x120.png,club
241,"2021-02-15 01:26:16",NULL,0,"Ruby Trichy Warriors",in,male,https://cricket.entitysport.com/assets/uploads/2018/07/ruby-trichy-warriors-32x32.png,"Ruby Trichy Warriors",RTW,12337,https://cricket.entitysport.com/assets/uploads/2018/07/ruby-trichy-warriors-120x120.png,club
242,"2021-02-15 01:26:24",NULL,0,"Siechem Madurai Panthers",in,male,https://cricket.entitysport.com/assets/uploads/2018/07/siechem-madurai-panthers-32x32.png,"Siechem Madurai Panthers",SMP,89961,https://cricket.entitysport.com/assets/uploads/2018/07/siechem-madurai-panthers-120x120.png,club
243,"2021-02-15 01:26:29",NULL,0,"Chepauk Super Gillies",in,male,https://cricket.entitysport.com/assets/uploads/2018/07/chepauk-super-gillies-32x32.png,"Chepauk Super Gillies",CSG,89955,https://cricket.entitysport.com/assets/uploads/2018/07/chepauk-super-gillies-120x120.png,club
244,"2021-02-15 01:26:34",NULL,0,"TUTI Patriots",in,male,https://cricket.entitysport.com/assets/uploads/2018/07/jones-tuti-patriots-32x32.png,"TUTI Patriots",TP,89956,https://cricket.entitysport.com/assets/uploads/2018/07/jones-tuti-patriots-120x120.png,club
245,"2021-02-15 01:26:34",NULL,0,"VB Kanchi Veerans",in,male,https://cricket.entitysport.com/assets/uploads/2018/07/vb-kanchi-veerans-32x32.png,"VB Kanchi Veerans",VBKV,89958,https://cricket.entitysport.com/assets/uploads/2018/07/vb-kanchi-veerans-120x120.png,club
246,"2021-02-15 01:26:45",NULL,0,"Lyca Kovai Kings",in,male,https://cricket.entitysport.com/assets/uploads/2018/07/lyca-kovai-kings-32x32.png,"Lyca Kovai Kings",LKK,89959,https://cricket.entitysport.com/assets/uploads/2018/07/lyca-kovai-kings-120x120.png,club
247,"2021-02-15 01:26:45",NULL,0,"Idream Karaikudi Kaalai",in,male,https://cricket.entitysport.com/assets/uploads/2018/07/idream-karaikudi-kaalai-32x32.png,"Idream Karaikudi Kaalai",KK,89957,https://cricket.entitysport.com/assets/uploads/2018/07/idream-karaikudi-kaalai-120x120.png,club
248,"2021-02-15 01:28:48",NULL,0,Colombo,lk,male,https://cricket.entitysport.com/assets/uploads/2018/05/colombo-32x32.png,Colombo,COLBO,111245,https://cricket.entitysport.com/assets/uploads/2018/05/colombo-120x120.png,club
249,"2021-02-15 01:28:48",NULL,0,Galle,lk,male,https://cricket.entitysport.com/assets/uploads/2018/05/galle-32x32.png,Galle,GALLE,111243,https://cricket.entitysport.com/assets/uploads/2018/05/galle-120x120.png,club
250,"2021-02-15 01:28:51",NULL,0,Kandy,lk,male,https://cricket.entitysport.com/assets/uploads/2018/05/kandy-32x32.png,Kandy,KANDY,111241,https://cricket.entitysport.com/assets/uploads/2018/05/kandy-120x120.png,club
251,"2021-02-15 01:28:52",NULL,0,Dambulla,lk,male,https://cricket.entitysport.com/assets/uploads/2018/05/dambulla-32x32.png,Dambulla,DAM,111247,https://cricket.entitysport.com/assets/uploads/2018/05/dambulla-120x120.png,club
